,Error Length,Message,Replacement,Sentence
0,7,Possible spelling mistake found.,"['Santosh', 'Santos', 'Santhosh', 'cantos', 'pantos', 'Satoshi']",...o grew Can Nikki help clinically make a santosh sell Subodh curfew from relaxed and par...
1,6,Possible spelling mistake found.,['Suborn'],...kki help clinically make a santosh sell Subodh curfew from relaxed and parlours Mayuka...
2,8,Possible spelling mistake found.,"['parlors', 'parlous', 'par lours']",...osh sell Subodh curfew from relaxed and parlours Mayuka Alert Google Critica A Champion ...
3,6,Possible spelling mistake found.,"['Maya', 'Cayuga', 'Maura', 'Mazurka', 'Mayra', 'Hanuka', 'Markka', 'Malika', 'Mauá']",...Subodh curfew from relaxed and parlours Mayuka Alert Google Critica A Champion Ministe...
4,7,Possible spelling mistake found.,"['Critical', 'Critics', 'Critic', 'Critic a']",...elaxed and parlours Mayuka Alert Google Critica A Champion Minister k P Maps about Chri...
5,6,Possible spelling mistake found.,['tom men'],...er k P Maps about Chris Santosh Machine tommen on technology CR mama Bye Now take econ...
6,4,"In some contexts, `mama` may be informal or familiar language.","['mother', 'mom']",...Santosh Machine tommen on technology CR mama Bye Now take economic. You will conside...
7,4,Possible spelling mistake found.,"['tell', 'tale', 'tile', 'Tell', 'tee', 'Pele', 'tel', 'telex', 'AELE', 'DELE', 'TEE', 'TLE', 'tole', 'Pelé']",...der hum there or app Development of the tele calls ran Market is app Download all so...
8,6,Possible spelling mistake found.,"['Shaky', 'Shaka', 'Shaky a']",...l media Marketing Khamenei aka offering Shakya or Hamill a Take a hammock A or B custo...
9,6,Possible spelling mistake found.,"['Latham', 'Langham']",...mill a Take a hammock A or B customers. Lanham helped us that there you came Ariba's a...
10,5,Possible spelling mistake found.,"['Aria', 'Aruba', 'ARIA', 'Arica']",...s. Lanham helped us that there you came Ariba's already trained field marketers Or te...
11,2,Possible spelling mistake found.,"['app', 'up', 'AP', 'a', 'as', 'at', 'an', 'am', 'eye', 'map', 'ad', 'cap', 'gap', 'lap', 'rap', 'HP', 'tap', 'ADP', 'AF', 'APA', 'APC', 'JP', 'NP', 'SAP', 'VP', 'amp', 'ape', 'apt', 'pa', 'sap', 'APG', 'APS', 'ARP', 'FP', 'ah', 'AD', 'APD', 'APM', 'Apr', 'IAP', 'WAP', 'asp', 'av', 'ax', 'nap', 'APB', 'APN', 'mp', 'pap', 'OAP', 'alp', 'zap', 'hap', 'yap', 'ATP', 'IP', 'op', 'A', 'AA', 'AAP', 'AB', 'ABP', 'AC', 'ACP', 'AE', 'AEP', 'AG', 'AGP', 'AI', 'AIP', 'AJ', 'AJP', 'AK', 'AKP', 'AL', 'ALP', 'AM', 'AMP', 'AN', 'ANP', 'AO', 'AOP', 'APE', 'APF', 'APH', 'API', 'APJ', 'APK', 'APL', 'APO', 'APP', 'APQ', 'APR', 'APT', 'APU', 'APV', 'APW', 'APX', 'APY', 'APZ', 'AQP', 'AR', 'ASP', 'AT', 'AU', 'AUP', 'AV', 'AVP', 'AWP', 'AX', 'AXP', 'AYP', 'AZ', 'Ac', 'Ag', 'Al', 'Am', 'Ar', 'As', 'At', 'Au', 'Av', 'BAP', 'BP', 'CAP', 'DP', 'EAP', 'FAP', 'GAP', 'GP', 'Gap', 'HAP', 'JAP', 'Jap', 'KP', 'LP', 'MAP', 'MP', 'NAP', 'Np', 'P', 'PAP', 'PP', 'RAP', 'RP', 'SP', 'Sp', 'TAP', 'TP', 'UAP', 'UP', 'VAP', 'WP', 'XAP', 'XP', 'YP', 'ZAP', 'ab', 'ac', 'aw', 'bap', 'hp', 'p', 'pp', 'A&P', 'AFP', 'APs', 'CP', 'DAP', 'EP', 'ai']",...Or tell a college our addiction Me agar ap Cho a student Audiences Konica Achille ...
12,3,Possible spelling mistake found.,"['CHO', 'Who', 'Tho', 'WHO', 'Echo', 'CIO', 'CFO', 'Che', 'Chop', 'CDO', 'CPO', 'CTO', 'Chou', 'Chow', 'CBO', 'Coho', 'Coo', 'MHO', 'CEO', 'CHG', 'Chm', 'AHO', 'BHO', 'CCO', 'CGO', 'CH', 'CHB', 'CHC', 'CHD', 'CHF', 'CHH', 'CHI', 'CHK', 'CHL', 'CHM', 'CHN', 'CHP', 'CHQ', 'CHR', 'CHS', 'CHT', 'CHV', 'CHW', 'CHX', 'CHY', 'CHZ', 'CMO', 'CNO', 'CO', 'CRO', 'CUO', 'CVO', 'CWO', 'CXO', 'CZO', 'Ch', 'Chi', 'Co', 'HO', 'Ho', 'Chg', 'Choc', 'Oho', 'Rho', 'CSO', 'Chao', 'Chu', 'The', 'To', 'He', 'Can', 'She', 'Two', 'Go', 'No', 'Show', 'So', 'Too', 'Do', 'How', 'Thou', 'Car', 'Cut', 'Shot', 'Whom', 'CD', 'Ago', 'Chose', 'Cm', 'Com', 'Hot', 'Pro', 'Shop', 'Why', 'Ohio', 'Cap', 'Cat', 'Choir', 'Cup', 'Duo', 'Hop', 'CBC', 'CDs', 'CIA', 'CNN', 'CPU', 'HBO', 'HD', 'PhD', 'Rio', 'Chaos', 'Chip', 'Chord', 'Cool', 'Crop', 'kHz', 'Shoe', 'Zoo', 'CSS', 'CTV', 'Chen', 'Cook', 'HP', 'HQ', 'Jo', 'NHS', 'UHF', 'Bio', 'Cab', 'Cf', 'Chat', 'Chef', 'Chin', 'Con', 'Cop', 'Cow', 'Cry', 'Cue', 'Ego', 'Hoc', 'Oh', 'pH', 'Quo', 'Shy', 'CAA', 'CBA', 'CBN', 'CCC', 'CCD', 'CDC', 'CDU', 'CFB', 'CGI', 'CNS', 'CPA', 'CPC', 'CPI', 'CPR', 'CRT', 'CSA', 'CSI', 'CSU', 'CSX', 'CV', 'Chad', 'Chan', 'Crow', 'DSO', 'GHz', 'HF', 'HK', 'IPO', 'KO', 'Lao', 'Mao', 'OHL', 'Thor', 'WTO', 'Cam', 'Choke', 'Cod', 'Hi', 'Thy', 'Yo', 'CAC', 'CBI', 'CCA', 'CCI', 'CCP', 'CCS', 'CDA', 'CDR', 'CEA', 'CFA', 'CFC', 'CFR', 'CFS', 'CIC', 'CIE', 'CLR', 'CMA', 'CME', 'CMG', 'CMOS', 'CNC', 'CNG', 'CNR', 'CNT', 'CRC', 'CSC', 'CSF', 'CSL', 'CSP', 'CSR', 'CST', 'CTA', 'CTC', 'CVS', 'CWA', 'Cato', 'Chico', 'Chloe', 'Como', 'Eco', 'FAO', 'GH', 'GPO', 'Geo', 'IMO', 'MHC', 'NCO', 'Soho', 'THC', 'Tao', 'USO', 'VH', 'Ah', 'Cal', 'Capo', 'Char', 'Chew', 'Chic', 'Chops', 'Clot', 'Col', 'Cub', 'Hog', 'Sh', 'Woo', 'AHS', 'BMO', 'CAI', 'CBF', 'CBM', 'CBP', 'CBT', 'CCG', 'CCR', 'CDT', 'CEP', 'CFD', 'CFE', 'CFP', 'CGA', 'CGS', 'CKD', 'CLI', 'CLP', 'CLS', 'CMB', 'CMF', 'CMU', 'CND', 'CNE', 'CPE', 'CPM', 'CSD', 'CSG', 'CSV', 'CTF', 'CTI', 'CTM', 'CTP', 'CVC', 'CVR', 'CVT', 'Cleo', 'Clio', 'Colo', 'ESO', 'FBO', 'FHA', 'HHS', 'HVO', 'IH', 'IHS', 'KGO', 'LFO', 'LHC', 'LSO', 'MHD', 'MRO', 'PSO', 'PTO', 'RPO', 'SFO', 'Tycho', 'Boo', 'Chap', 'Chub', 'Cit', 'Clog', 'Cob', 'Cog', 'Coop', 'Cot', 'Cox', 'Eh', 'Emo', 'Foo', 'Fro', 'Goo', 'Macho', 'Ohm', 'Phi', 'Uh', 'ACH', 'CBR', 'CCB', 'CCU', 'CDN', 'CFI', 'CFT', 'CFU', 'CJC', 'CJK', 'CLT', 'CNH', 'CNI', 'CPF', 'CRL', 'CTH', 'CVD', 'CWC', 'EHF', 'GMO', 'HMO', 'ICO', 'LPO', 'MCO', 'MTO', 'Ochoa', 'SRO', 'SSO', 'Ache', 'Chit', 'Chore', 'Chum', 'Cl', 'Coco', 'Coy', 'Cur', 'Hob', 'AFO', 'CDV', 'CLG', 'CSH', 'CTT', 'CXC', 'FPO', 'GHA', 'RCH', 'SHF', 'TCO', 'Ado', 'Aha', 'Bro', 'Cad', 'Chock', 'Chug', 'Clod', 'Coot', 'Cud', 'Hod', 'Moo', 'Ooh', 'Sch', 'Shoo', 'Whoa', 'AHQ', 'EEO', 'Caw', 'Chino', 'Ciao', 'Coos', 'Cw', 'IMHO', 'Wyo', 'Achy', 'Ahoy', 'Chomp', 'Chows', 'Clop', 'Nacho', 'CBS', 'CDP', 'Leo', 'MHz', 'Moho', 'NHL', 'UFO', 'Cpl', 'Ohs', 'Schmo', 'Vhf', 'Whop', 'Cloy', 'Cpd', '3DO', 'AAO', 'ACO', 'AEO', 'AGO', 'AHA', 'AHB', 'AHC', 'AHD', 'AHE', 'AHF', 'AHG', 'AHH', 'AHI', 'AHJ', 'AHK', 'AHL', 'AHM', 'AHN', 'AHR', 'AHT', 'AHU', 'AHV', 'AHW', 'AHX', 'AHY', 'AHZ', 'AIO', 'AJO', 'AKO', 'ALO', 'AMO', 'ANO', 'AO', 'AOO', 'APO', 'ATO', 'AUO', 'AVO', 'AYO', 'AZO', 'BBO', 'BCH', 'BCO', 'BDO', 'BEO', 'BFO', 'BGO', 'BHA', 'BHB', 'BHC', 'BHD', 'BHE', 'BHF', 'BHG', 'BHI', 'BHL', 'BHM', 'BHP', 'BHQ', 'BHR', 'BHS', 'BHT', 'BHU', 'BHV', 'BHX', 'BHY', 'BIO', 'BJO', 'BNO', 'BO', 'BPO', 'BRO', 'BSO', 'BTO', 'BUO', 'BVO', 'BXO', 'BYO', 'BZO', 'C', 'C0G', 'C10', 'C11', 'C12', 'C13', 'C14', 'C15', 'C16', 'C17', 'C18', 'C19', 'C20', 'C21', 'C22', 'C23', 'C24', 'C25', 'C27', 'C28', 'C2C', 'C30', 'C31', 'C32', 'C33', 'C34', 'C35', 'C36', 'C40', 'C41', 'C44', 'C45', 'C46', 'C47', 'C50', 'C51', 'C52', 'C53', 'C60', 'C61', 'C62', 'C63', 'C64', 'C65', 'C66', 'C69', 'C70', 'C77', 'C88', 'C91', 'C96', 'C99', 'CA', 'CAB', 'CAD', 'CAF', 'CAG', 'CAH', 'CAJ', 'CAK', 'CAL', 'CAM', 'CAN', 'CAP', 'CAPO', 'CAQ', 'CAT', 'CAU', 'CAV', 'CAW', 'CAY', 'CB', 'CBB', 'CBD', 'CBE', 'CBG', 'CBH', 'CBJ', 'CBL', 'CBOL', 'CBU', 'CBV', 'CBX', 'CBZ', 'CC', 'CCE', 'CCF', 'CCH', 'CCJ', 'CCK', 'CCL', 'CCM', 'CCN', 'CCQ', 'CCRO', 'CCT', 'CCV', 'CCW', 'CCX', 'CCZ', 'CDB', 'CDD', 'CDE', 'CDF', 'CDG', 'CDH', 'CDI', 'CDJ', 'CDK', 'CDL', 'CDM', 'CDS', 'CDW', 'CDZ', 'CE', 'CEAO', 'CEB', 'CEC', 'CED', 'CEE', 'CEF', 'CEG', 'CEI', 'CEJ', 'CEL', 'CEM', 'CEN', 'CEQ', 'CER', 'CES', 'CET', 'CEU', 'CEV', 'CF', 'CFAO', 'CFF', 'CFG', 'CFH', 'CFJ', 'CFL', 'CFM', 'CFN', 'CG', 'CGC', 'CGE', 'CGF', 'CGG', 'CGH', 'CGJ', 'CGK', 'CGL', 'CGN', 'CGR', 'CGT', 'CGU', 'CGY', 'CGZ', 'CHAM', 'CHJT', 'CHMP', 'CHRS', 'CHUB', 'CHUV', 'CI', 'CID', 'CIF', 'CIH', 'CII', 'CIJ', 'CIK', 'CIL', 'CIM', 'CIP', 'CIQ', 'CIR', 'CIT', 'CIU', 'CIV', 'CJ', 'CJA', 'CJB', 'CJF', 'CJH', 'CJJ', 'CJL', 'CJN', 'CJS', 'CK', 'CKB', 'CKK', 'CKM', 'CKR', 'CKS', 'CKY', 'CL', 'CLA', 'CLB', 'CLC', 'CLD', 'CLE', 'CLH', 'CLJ', 'CLL', 'CLM', 'CLN', 'CLQ', 'CLU', 'CLV', 'CLW', 'CLX', 'CLY', 'CLZ', 'CM', 'CMC', 'CMD', 'CMI', 'CMJ', 'CMK', 'CML', 'CMM', 'CMP', 'CMR', 'CMS', 'CMT', 'CMV', 'CMW', 'CMX', 'CN', 'CNA', 'CNB', 'CNF', 'CNJ', 'CNK', 'CNL', 'CNM', 'CNOF', 'CNP', 'CNQ', 'CNU', 'CNV', 'CNW', 'CNX', 'CNY', 'CNZ', 'CO2', 'CO3', 'COB', 'COC', 'COD', 'COE', 'COF', 'COG', 'COI', 'COJO', 'COK', 'COL', 'COM', 'CON', 'COP', 'COQ', 'COU', 'COV', 'CPD', 'CPG', 'CPH', 'CPJ', 'CPL', 'CPS', 'CPV', 'CQA', 'CQE', 'CQF', 'CQG', 'CQI', 'CQL', 'CQM', 'CQP', 'CQS', 'CQT', 'CQX', 'CQZ', 'CR', 'CRA', 'CRB', 'CRD', 'CRE', 'CRF', 'CRG', 'CRH', 'CRJ', 'CRK', 'CRM', 'CRN', 'CROM', 'CROS', 'CRP', 'CRQ', 'CRR', 'CRS', 'CRW', 'CRY', 'CRZ', 'CS', 'CSE', 'CSM', 'CSOB', 'CT', 'CTB', 'CTE', 'CTK', 'CTR', 'CUA', 'CUB', 'CUC', 'CUD', 'CUF', 'CUG', 'CUJ', 'CUL', 'CUM', 'CUP', 'CUR', 'CUT', 'CUU', 'CUV', 'CUW', 'CUZ', 'CVE', 'CVF', 'CVG', 'CVH', 'CVI', 'CVL', 'CVM', 'CVN', 'CVP', 'CVU', 'CVX', 'CW', 'CWB', 'CWE', 'CWF', 'CWT', 'CXE', 'CXL', 'CXM', 'CXP', 'CXQ', 'CXR', 'CY', 'CYA', 'CYK', 'CYM', 'CYP', 'CYT', 'CYZ', 'CZ', 'CZC', 'CZF', 'CZJ', 'CZK', 'CZL', 'CZM', 'CZN', 'CZP', 'CZS', 'CZT', 'CZU', 'CZW', 'CZX', 'CZY', 'CZZ', 'Ca', 'Cb', 'Cd', 'Ce', 'Ci', 'Cid', 'Cr', 'Cs', 'Ct', 'Cu', 'DBO', 'DCO', 'DDO', 'DFO', 'DH', 'DHA', 'DHC', 'DHH', 'DHI', 'DHM', 'DHP', 'DHR', 'DHS', 'DHT', 'DJO', 'DMO', 'DO', 'DPO', 'DXO', 'DZO', 'EAO', 'ECHL', 'EHL', 'EHOS', 'EHS', 'ELO', 'EO', 'EPO', 'ERO', 'FCO', 'FFO', 'FHC', 'FHE', 'FHM', 'FMO', 'FNO', 'FO', 'FRO', 'FTO', 'Flo', 'GAO', 'GHC', 'GHI', 'GHK', 'GHM', 'GHQ', 'GHS', 'GHT', 'GO', 'GSO', 'GTO', 'H', 'H1', 'H2', 'H3', 'H4', 'HA', 'HDO', 'HHH', 'HHV', 'HI', 'HL', 'HM', 'HOE', 'HOI', 'HOK', 'HOL', 'HOM', 'HON', 'HOV', 'HR', 'HS', 'HT', 'HTO', 'HU', 'HY', 'Ha', 'Hf', 'Hg', 'Hon', 'Hz', 'IAO', 'IBO', 'ICH', 'IFO', 'IHP', 'IHT', 'ISO', 'Ibo', 'Io', 'Ito', 'JGO', 'JHS', 'JO', 'JPO', 'KHM', 'KHR', 'KHS', 'KNO', 'LBO', 'LCAO', 'LCH', 'LH', 'LH2', 'LHB', 'LHI', 'LHR', 'LHS', 'LHV', 'LHW', 'LNO', 'LO', 'MCH', 'MH', 'MHL', 'MHN', 'MHP', 'MHR', 'MO', 'MSO', 'MYO', 'Mo', 'NAO', 'NH', 'NHC', 'NHF', 'NHN', 'NIO', 'NLO', 'NO', 'NPO', 'NRO', 'Neo', 'O', 'OAO', 'OBO', 'OCHA', 'OCO', 'OH', 'OHA', 'OHI', 'OHM', 'OLO', 'OMO', 'OO', 'OPO', 'OTO', 'Ono', 'PAO', 'PDO', 'PFO', 'PGO', 'PH', 'PHA', 'PHC', 'PHD', 'PHI', 'PHL', 'PHP', 'PHR', 'PHS', 'PHX', 'PIO', 'PLO', 'PMO', 'PO', 'POO', 'PPO', 'PRO', 'Po', 'QPO', 'RGO', 'RHC', 'RHD', 'RHF', 'RHK', 'RHP', 'RHS', 'RIO', 'RNO', 'RO', 'RSO', 'RTO', 'Rh', 'SAO', 'SCO', 'SDO', 'SEO', 'SH', 'SHA', 'SHD', 'SHG', 'SHK', 'SHM', 'SHN', 'SHP', 'SHR', 'SHU', 'SLO', 'SO', 'SOHO', 'STO', 'Shi', 'TAO', 'TCAO', 'TCH', 'TH', 'THA', 'THB', 'THD', 'THF', 'THM', 'THP', 'THS', 'THT', 'THX', 'TKO', 'TNO', 'TO', 'TPO', 'TSO', 'TTO', 'TVO', 'TYO', 'Th', 'Thu', 'UIO', 'UO', 'UQO', 'UUO', 'VCO', 'VHC', 'VHD', 'VHF', 'VHL', 'VHP', 'VHR', 'VHS', 'VHU', 'VMO', 'VO', 'WHA', 'WHS', 'WHT', 'WHW', 'YCO', 'YHA', 'YHD', 'YHS', 'YMO', 'YTO', 'YVO', 'ZH', 'ZO', 'ZRO', 'Achoo', 'Cay', 'Cc', 'Cg', 'Chem', 'Chemo', 'Chge', 'Chis', 'Chocs', 'Cir', 'Cis', 'Ck', 'Cohos', 'Cor', 'Cos', 'Cps', 'Ctn', 'Ctr', 'Cum', 'Cwt', 'Dhow', 'Echos', 'Hoe', 'Hos', 'Hp', 'Hr', 'Ht', 'Lo', 'Loo', 'Och', 'Poo', 'Rhos', 'Shh', 'Shod', 'Uhf', 'ACh', 'BH', 'C&A', 'C&C', 'C3', 'CAE', 'CAS', 'CCs', 'CDOs', 'CEOs', 'CFOs', 'CGM', 'CIG', 'CIOs', 'CIS', 'CKs', 'CMOs', 'COA', 'COOs', 'CP', 'CPN', 'CPP', 'CPQ', 'CPT', 'CQC', 'CR7', 'CSGO', 'CSOs', 'CTG', 'CTOs', 'CTS', 'CTSO', 'CTU', 'CTs', 'CVA', 'CVV', 'CVs', 'CWL', 'CWM', 'CWP', 'CWR', 'CWV', 'CX', 'CZI', 'Calo', 'Cham', 'Chapo', 'Cher', 'Chloé', 'Chong', 'CoP', 'Cohn', 'DHL', 'ECHR', 'ECO', 'EHR', 'FCDO', 'FH', 'FHD', 'FHS', 'GCHQ', 'GHB', 'GHG', 'HC', 'HEO', 'HH', 'HHA', 'HOA', 'HOC', 'HW', 'ICAO', 'IGO', 'JHH', 'JHU', 'Jio', 'Khoi', 'LCBO', 'Léo', 'MMO', 'NGO', 'NHA', 'NHD', 'NHK', 'P&O', 'PCHA', 'PEO', 'PHE', 'PHY', 'QBO', 'RCHK', 'RHL', 'SHS', 'SHT', 'SJO', 'São', 'TCHS', 'Theo', 'Théo', 'UHC', 'UHD', 'UNO', 'Udo', 'WCHS', 'WH', 'WHM', 'XHR', 'Zhao', 'Zhou', 'Zhu', 'Zoho', 'Ahh', 'Bhp', 'Camo', 'Chai', 'Chia', 'Cmd', 'Cts', 'Cx', 'Hm', 'Hào', 'pHs', 'Uhh', 'Uhm']",...tell a college our addiction Me agar ap Cho a student Audiences Konica Achille Work...
13,6,Possible spelling mistake found.,"['Monica', 'Mónica']",...tion Me agar ap Cho a student Audiences Konica Achille Workout a day Chiappe full of T...
14,7,Possible spelling mistake found.,['Achilles'],... agar ap Cho a student Audiences Konica Achille Workout a day Chiappe full of Tahiti of...
15,7,Possible spelling mistake found.,"['Chipped', 'Chipper', 'Chapped', 'Chippy', 'Chippie', 'CIAPP', 'Chappy', 'Chiapas', 'Échappé']",... Audiences Konica Achille Workout a day Chiappe full of Tahiti of benefit Carrigan to M...
16,8,Possible spelling mistake found.,['Cardigan'],...a day Chiappe full of Tahiti of benefit Carrigan to May requirement Market India Develop...
17,7,Did you mean “they are” or “there are”?,"['They are', 'There are']",...rement Market India Development experts The are the Moslem a paella Batu occur Requirem...
18,6,Possible spelling mistake found.,['Mosley'],...t India Development experts The are the Moslem a paella Batu occur Requirement A You b...
19,5,Possible typo. Did you mean “A” or “You”?,"['A', 'You']","... Moslem a paella Batu occur Requirement A You back? Yup. Kooky feel may, um helps a m..."
20,5,Possible spelling mistake found.,"['NATO', 'Atom', 'Atop', 'Kate', 'Eaton', 'Kathy', 'Katie', 'Baton', 'Cato', 'Katy', 'Keaton', 'Batu', 'Karol', 'Bayou', 'Karo', 'Kazoo', 'Gator', 'Kapok', 'Kayo', 'Keith', 'Jato', 'Kayos', 'AOU', 'ATO', 'ATU', 'Baotou', 'IATOS', 'JATO', 'Kano', 'NATU', 'OATU', 'UPATOU', 'Jatos', 'Keto', 'AtoZ', 'Atos', 'Kat', 'Kath', 'Katia', 'Katja', 'Katya', 'Katz', 'Leyton', 'Peyton']",...so but customer cash Tamar Marketing GT Katou Maia PKI requirement A map Nick Marketi...
21,4,Possible spelling mistake found.,"['Main', 'Mail', 'Maria', 'Maya', 'Maid', 'Mafia', 'Gaia', 'MIA', 'Mara', 'Mia', 'Mania', 'Meier', 'Mama', 'Maim', 'Mien', 'MAIF', 'MAPA', 'Mai', 'Mai a', 'MAGA', 'MANA', 'Malia', 'María', 'Mauá']",... customer cash Tamar Marketing GT Katou Maia PKI requirement A map Nick Marketing ex...
22,3,Possible spelling mistake found.,"['Kay', 'day', 'may', 'way', 'pay', 'key', 'lay', 'okay', 'say', 'bay', 'ray', 'Jay', 'Ray', 'keys', 'hay', 'Hay', 'Fay', 'Katy', 'Kaye', 'nay', 'jay', 'fay', 'kayo', 'gay', 'AAY', 'CAY', 'Day', 'EAY', 'Gay', 'KAL', 'KAV', 'KAZ', 'KY', 'Kan', 'Key', 'Ky', 'May', 'RAY', 'SAY', 'cay', 'mkay', 'Kai', 'Kat', 'kaya', 'yay', 'a', 'was', 'as', 'at', 'by', 'an', 'any', 'had', 'has', 'can', 'many', 'my', 'away', 'days', 'km', 'law', 'man', 'play', 'San', 'car', 'far', 'gas', 'ran', 'saw', 'says', 'war', 'Mary', 'Navy', 'am', 'bad', 'bar', 'boy', 'dry', 'easy', 'fan', 'fly', 'hey', 'map', 'stay', 'tax', 'try', 'van', 'ways', 'why', 'Lady', 'PA', 'ad', 'baby', 'ban', 'buy', 'cap', 'cat', 'eat', 'gap', 'hat', 'heir', 'kg', 'lap', 'raw', 'sat', 'sky', 'tag', 'vary', 'Dan', 'Gary', 'Karl', 'Khan', 'LA', 'MA', 'Mac', 'Max', 'Sam', 'aka', 'bag', 'bat', 'deity', 'ear', 'fat', 'gray', 'guy', 'jaw', 'kHz', 'kit', 'lab', 'lady', 'navy', 'oak', 'pan', 'pays', 'rap', 'rays', 'spy', 'toy', 'vein', 'Clay', 'Gray', 'Han', 'KGB', 'Kane', 'Kate', 'Mar', 'Maya', 'McKay', 'Neil', 'Pat', 'RAM', 'Reid', 'SAS', 'Wei', 'bays', 'cab', 'clay', 'cry', 'dad', 'dam', 'gag', 'joy', 'kid', 'lays', 'mad', 'pad', 'par', 'pray', 'ram', 'rat', 'sad', 'shy', 'tan', 'tap', 'wax', 'AF', 'CAA', 'DA', 'Fry', 'Ham', 'Joy', 'KB', 'KO', 'Kathy', 'Lao', 'Mae', 'Mao', 'Mayo', 'NAD', 'PAC', 'SAM', 'SAP', 'UA', 'cam', 'eBay', 'fax', 'gays', 'ham', 'icy', 'jar', 'khan', 'kin', 'lag', 'lazy', 'ma', 'mat', 'max', 'pa', 'pas', 'ply', 'sac', 'sap', 'sax', 'ska', 'soy', 'sway', 'ta', 'tab', 'tar', 'thy', 'tray', 'var', 'veil', 'wary', 'wavy', 'AAU', 'Bray', 'CAC', 'Cary', 'DAC', 'DAT', 'Davy', 'FAO', 'FAQ', 'Faye', 'Hays', 'IAS', 'IAU', 'KBE', 'KBS', 'KFC', 'KLM', 'KTM', 'Kali', 'Kant', 'Kara', 'Klan', 'Mays', 'Meir', 'NAC', 'Nam', 'Nat', 'OAS', 'Pa', 'Pam', 'RAC', 'TAC', 'Tao', 'UAW', 'VAX', 'WAC', 'ah', 'cal', 'fad', 'fray', 'fry', 'gal', 'ivy', 'jays', 'kWh', 'kana', 'kart', 'kayak', 'keyed', 'lad', 'lax', 'oar', 'pal', 'paw', 'quay', 'rag', 'rein', 'slay', 'sly', 'tau', 'vat', 'waxy', 'yam', 'yaw', 'AAT', 'AD', 'CAI', 'Cray', 'EAM', 'FAC', 'IAA', 'IAC', 'IAP', 'JAL', 'Jan', 'KBR', 'KGO', 'KIA', 'KSC', 'Kama', 'Kari', 'Lacy', 'Lat', 'Leif', 'Macy', 'NY', 'Nagy', 'SAA', 'Sat', 'WAP', 'av', 'ax', 'aye', 'cays', 'hag', 'hazy', 'jab', 'keg', 'lac', 'lat', 'mag', 'mar', 'nap', 'oat', 'pat', 'racy', 'sag', 'tam', 'tat', 'wan', 'wry', 'yak', 'zany', 'Deity', 'FAM', 'GAF', 'GAM', 'IAB', 'KSS', 'KTP', 'KVM', 'KVP', 'Karo', 'Kasey', 'Kayla', 'NAL', 'UAR', 'beys', 'coy', 'gar', 'jag', 'kale', 'kip', 'koan', 'lacy', 'nag', 'pap', 'pry', 'rad', 'rah', 'val', 'wag', 'KOB', 'Kalb', 'OAP', 'UAM', 'bah', 'cad', 'dab', 'dray', 'gab', 'leis', 'maw', 'mayo', 'nab', 'nae', 'nays', 'oaf', 'pah', 'spay', 'sty', 'tad', 'zap', 'Kory', 'Tokay', 'baa', 'bray', 'caw', 'deify', 'hap', 'hwy', 'kph', 'mam', 'nary', 'shay', 'vac', 'Kans', 'Pkwy', 'cray', 'flay', 'hays', 'reify', 'yap', 'AAA', 'Amy', 'Keith', 'Kim', 'RAF', 'Roy', 'gamy', 'jam', 'okays', 'qty', 'weir', 'fays', 'kayos', 'A', 'AA', 'AAB', 'AAC', 'AAD', 'AAE', 'AAF', 'AAG', 'AAH', 'AAI', 'AAJ', 'AAK', 'AAL', 'AAM', 'AAN', 'AAO', 'AAP', 'AAQ', 'AAR', 'AAS', 'AAV', 'AAW', 'AAX', 'AAZ', 'AB', 'AC', 'ACY', 'ADY', 'AE', 'AG', 'AGY', 'AHY', 'AI', 'AIY', 'AJ', 'AJY', 'AK', 'AKY', 'AL', 'AM', 'AMY', 'AN', 'ANY', 'AO', 'AP', 'APY', 'AQY', 'AR', 'ARY', 'ASY', 'AT', 'ATY', 'AU', 'AUY', 'AV', 'AVY', 'AX', 'AYA', 'AYC', 'AYD', 'AYE', 'AYG', 'AYH', 'AYI', 'AYJ', 'AYL', 'AYN', 'AYO', 'AYP', 'AYQ', 'AYR', 'AYS', 'AYU', 'AYY', 'AYZ', 'AZ', 'Ac', 'Ag', 'Al', 'Am', 'Ar', 'As', 'At', 'Au', 'Av', 'BA', 'BAA', 'BAE', 'BAF', 'BAH', 'BAM', 'BAP', 'BAS', 'BAU', 'BAV', 'BAW', 'BAX', 'BAZ', 'BBY', 'BCY', 'BDY', 'BGY', 'BHY', 'BKA', 'BKY', 'BLY', 'BNY', 'BPY', 'BUY', 'BVY', 'BWY', 'Ba', 'CA', 'CAB', 'CAD', 'CAF', 'CAG', 'CAH', 'CAJ', 'CAK', 'CAL', 'CAM', 'CAMY', 'CAN', 'CAP', 'CAQ', 'CAT', 'CAU', 'CAV', 'CAW', 'CGY', 'CHY', 'CKY', 'CLY', 'CNY', 'CRY', 'CY', 'CZY', 'Ca', 'Cal', 'Can', 'Coy', 'DAA', 'DAB', 'DAE', 'DAF', 'DAI', 'DAJ', 'DAK', 'DAL', 'DAR', 'DAU', 'DAV', 'DAX', 'DIY', 'Dy', 'EAA', 'EAC', 'EAD', 'EAE', 'EAH', 'EAI', 'EAK', 'EAL', 'EAN', 'EAO', 'EAP', 'EAS', 'EAT', 'EAU', 'EAV', 'EAX', 'EZY', 'FA', 'FAA', 'FAB', 'FAE', 'FAF', 'FAG', 'FAH', 'FAI', 'FAK', 'FAP', 'FAT', 'FAX', 'FAZ', 'FY', 'GA', 'GA3', 'GAA', 'GAB', 'GAC', 'GAD', 'GAE', 'GAG', 'GAL', 'GAO', 'GAP', 'GAR', 'GAS', 'GAV', 'GGY', 'GUY', 'GY', 'Ga', 'Gap', 'Guy', 'HA', 'HAC', 'HAE', 'HAI', 'HAP', 'HY', 'Ha', 'Hal', 'Haw', 'IA', 'IA4', 'IA8', 'IAD', 'IAE', 'IAF', 'IAG', 'IAH', 'IAI', 'IAN', 'IAO', 'IAV', 'IPY', 'Ia', 'Ian', 'Ivy', 'JA', 'JAA', 'JAC', 'JAF', 'JAG', 'JAI', 'JAK', 'JAP', 'JPY', 'Jap', 'K', 'K10', 'K11', 'K7', 'K99', 'KBA', 'KBB', 'KBV', 'KC', 'KCB', 'KCL', 'KDG', 'KDP', 'KDS', 'KE', 'KEA', 'KED', 'KEF', 'KEM', 'KEN', 'KER', 'KES', 'KET', 'KFM', 'KG', 'KGM', 'KHM', 'KHR', 'KHS', 'KIAS', 'KIB', 'KIN', 'KIR', 'KJ', 'KKK', 'KKL', 'KKS', 'KLC', 'KLE', 'KM', 'KMA', 'KMF', 'KMH', 'KMS', 'KN', 'KNA', 'KNB', 'KNK', 'KNM', 'KNO', 'KNU', 'KNX', 'KOD', 'KOF', 'KOH', 'KOI', 'KOK', 'KOP', 'KOR', 'KOS', 'KP', 'KPD', 'KPF', 'KPL', 'KPN', 'KPU', 'KPW', 'KR', 'KRW', 'KS', 'KSA', 'KSM', 'KSR', 'KT', 'KTD', 'KTS', 'KU', 'KUL', 'KUW', 'KV', 'KW', 'KWC', 'KWD', 'KWG', 'KWH', 'KWT', 'KWYO', 'KYK', 'KZ', 'KZWY', 'Kano', 'Karyn', 'Kb', 'Ken', 'Kip', 'Kit', 'Kr', 'Ks', 'Kwan', 'LAH', 'LAK', 'LAN', 'LAR', 'LAT', 'LAU', 'LAW', 'LAZ', 'LBY', 'LCY', 'LKA', 'LY', 'La', 'Lab', 'Las', 'MAD', 'MAF', 'MAG', 'MAH', 'MAJ', 'MAK', 'MAL', 'MAM', 'MAP', 'MAR', 'MAS', 'MAT', 'MAV', 'MY', 'Mai', 'Maj', 'Man', 'NAB', 'NAF', 'NAG', 'NAH', 'NAM', 'NAO', 'NAP', 'NAS', 'NAU', 'NCY', 'NQY', 'Na', 'Nan', 'OAB', 'OAD', 'OAE', 'OAI', 'OAL', 'OAM', 'OAO', 'OAR', 'OAT', 'ORY', 'OXY', 'PAB', 'PAE', 'PAF', 'PAG', 'PAH', 'PAJ', 'PAK', 'PAL', 'PAM', 'PAN', 'PAO', 'PAP', 'PAQ', 'PAR', 'PAS', 'PKA', 'PRY', 'PTY', 'Pan', 'Pei', 'QA', 'QAG', 'QAT', 'RAA', 'RAB', 'RAD', 'RAE', 'RAG', 'RAI', 'RAJ', 'RAP', 'RAR', 'RAS', 'RAW', 'RKA', 'Ra', 'Rae', 'Rwy', 'Ry', 'SA', 'SA2', 'SAB', 'SAC', 'SAD', 'SAE', 'SAF', 'SAG', 'SAH', 'SAI', 'SAJ', 'SAK', 'SAN', 'SAO', 'SAQ', 'SAR', 'SAT', 'SAU', 'SAV', 'SAW', 'SAX', 'SAZ', 'SEY', 'SKA', 'SY', 'Sal', 'TA', 'TAA', 'TAD', 'TAE', 'TAF', 'TAG', 'TAH', 'TAI', 'TAJ', 'TAM', 'TAN', 'TAO', 'TAP', 'TAT', 'TRY', 'TTY', 'TY', 'Ta', 'Tad', 'Ty', 'UAA', 'UAB', 'UAC', 'UAD', 'UAE', 'UAG', 'UAH', 'UAI', 'UAL', 'UAP', 'UAS', 'UAU', 'URY', 'UY', 'VA', 'VAB', 'VAC', 'VAE', 'VAM', 'VAP', 'VAT', 'VOY', 'Va', 'Val', 'Van', 'WA', 'WAB', 'WAD', 'WAG', 'WAM', 'WY', 'Wac', 'XAF', 'XAP', 'XAU', 'Y', 'YAC', 'YAG', 'YAR', 'YYY', 'ZA', 'ZAC', 'ZAD', 'ZAE', 'ZAF', 'ZAM', 'ZAP', 'ZAR', 'ZAZ', 'aah', 'ab', 'ac', 'aw', 'bap', 'bey', 'ca', 'dag', 'ea', 'fa', 'fab', 'fag', 'fey', 'fwy', 'gad', 'ha', 'haj', 'haw', 'k', 'kW', 'kc', 'ken', 'kl', 'kn', 'ks', 'kt', 'kw', 'la', 'lam', 'lav', 'lei', 'mac', 'mas', 'mayn', 'nah', 'pacy', 'pkwy', 'wad', 'wkly', 'y', 'ya', 'Ajay', 'BAC', 'Baya', 'CAE', 'CAS', 'Cady', 'DAP', 'DAW', 'DKA', 'DeKay', 'ESY', 'EY', 'FAS', 'GA4', 'Gaby', 'IAM', 'IAT', 'KBC', 'KCC', 'KCl', 'KD', 'KDE', 'KKR', 'KLB', 'KPI', 'KWL', 'KWS', 'KYC', 'KYU', 'Kacey', 'Kanye', 'Kath', 'Katya', 'Katz', 'Keira', 'KiB', 'Kia', 'Leia', 'MAE', 'MAU', 'NAK', 'OA', 'OAN', 'Olay', 'PAA', 'PAs', 'PHY', 'Pty', 'Raj', 'Rey', 'São', 'TAS', 'Tai', 'UAN', 'UAT', 'UAV', 'Vāyu', 'WAV', 'XY', 'YOY', 'YoY', 'Zayn', 'ai', 'bam', 'fav', 'hah', 'hào', 'kJ', 'kN', 'kayas', 'kcal', 'kāvya', 'mAh', 'nav', 'pax', 'tai']","...k Marketing expert in CO so active. Ok, kay, those in May contact during it can I m..."
23,3,Possible spelling mistake found.,"['AHM', 'Am', 'Arm', 'ACM', 'ATM', 'Ah', 'ABM', 'AFM', 'AHS', 'APM', 'Ohm', 'Adm', 'Aim', 'Aha', 'AHQ', 'Ahem', 'Chm', 'A6M', 'AAM', 'ADM', 'AEM', 'AGM', 'AHA', 'AHB', 'AHC', 'AHD', 'AHE', 'AHF', 'AHG', 'AHH', 'AHI', 'AHJ', 'AHK', 'AHL', 'AHN', 'AHO', 'AHR', 'AHT', 'AHU', 'AHV', 'AHW', 'AHX', 'AHY', 'AHZ', 'AIM', 'AKM', 'ALM', 'AM', 'AMM', 'ANM', 'AOM', 'AQM', 'ARM', 'ASM', 'AUM', 'AWM', 'AXM', 'BHM', 'CHM', 'DHM', 'FHM', 'GHM', 'HM', 'KHM', 'OHM', 'SHM', 'THM', 'A&M', 'AVM', 'WHM', 'Ahh', 'Hm', 'Uhm', 'The', 'A', 'And', 'As', 'At', 'An', 'Any', 'Are', 'He', 'Who', 'All', 'Him', 'She', 'Age', 'Them', 'Air', 'Art', 'Km', 'Act', 'Arms', 'Army', 'Whom', 'FM', 'Add', 'Ago', 'Aid', 'Cm', 'Com', 'Farm', 'Mm', 'Tho', 'Why', 'IBM', 'Jim', 'Tom', 'Ad', 'Aims', 'Ask', 'Sum', 'Warm', 'AFC', 'Adam', 'HD', 'PM', 'PhD', 'Sam', 'Ads', 'Aka', 'Arc', 'Ash', 'Atom', 'Calm', 'Gym', 'Harm', 'kHz', 'Palm', 'Pm', 'Rim', 'Rpm', 'Ahmad', 'Ahmed', 'HP', 'HQ', 'NHS', 'RAM', 'UHF', 'WHO', 'Ace', 'Aft', 'Ate', 'Dam', 'Gum', 'Oh', 'pH', 'Ram', 'Shy', 'ACS', 'ADC', 'ADP', 'AF', 'AOL', 'APA', 'APC', 'ATC', 'ATV', 'Alma', 'Ana', 'DM', 'DRM', 'DSM', 'GHz', 'HF', 'HK', 'Ham', 'OEM', 'OHL', 'RPM', 'SAM', 'Ale', 'Amp', 'Ant', 'Ape', 'Apt', 'Aux', 'Awe', 'Cam', 'Dim', 'Elm', 'Gem', 'Hi', 'Mom', 'Ppm', 'Rum', 'Thy', 'AAU', 'ADR', 'AEC', 'AEG', 'AIF', 'AIG', 'AMX', 'APG', 'APS', 'ARL', 'ARP', 'ASB', 'ASD', 'Abe', 'Ada', 'Aug', 'Ava', 'Che', 'DTM', 'GH', 'Hahn', 'KLM', 'KTM', 'MHC', 'Nam', 'Oahu', 'PCM', 'Pam', 'REM', 'THC', 'VH', 'VM', 'Alms', 'Alum', 'Ammo', 'Ark', 'Avg', 'Baht', 'Hum', 'Mum', 'Sh', 'Sham', 'Um', 'Whim', 'Yam', 'AAT', 'ACU', 'AD', 'ADD', 'ADT', 'AEF', 'AFN', 'AGC', 'AGS', 'AIT', 'APD', 'ARF', 'ASN', 'Apr', 'Ara', 'Ashe', 'BPM', 'BRM', 'Baum', 'CBM', 'CPM', 'CTM', 'DCM', 'DWM', 'EAM', 'FHA', 'FSM', 'HHS', 'HMC', 'ICM', 'IH', 'IHS', 'IOM', 'JDM', 'JM', 'JVM', 'LHC', 'LSM', 'MHD', 'PSM', 'RCM', 'RSM', 'SRM', 'SSM', 'TCM', 'TPM', 'Asp', 'Av', 'Ax', 'Aye', 'Balm', 'Bum', 'Eh', 'Hem', 'Ohms', 'Phi', 'Rem', 'Tam', 'Uh', 'ACD', 'ACG', 'ACH', 'AGR', 'APB', 'APN', 'AUT', 'AZT', 'Ahab', 'Axum', 'BIM', 'DLM', 'EHF', 'FAM', 'Fahd', 'GAM', 'GBM', 'HMI', 'HMO', 'KVM', 'LCM', 'LPM', 'MDM', 'PNM', 'Qom', 'SDM', 'SGM', 'Abs', 'Ache', 'Amt', 'Chum', 'Fem', 'Gm', 'Maim', 'Rah', 'Tum', 'Yum', 'ABMs', 'AFO', 'GHA', 'GPM', 'Nahum', 'RMM', 'SHF', 'UAM', 'WLM', 'Acme', 'Adj', 'Ado', 'Ain', 'Alp', 'Arum', 'Ashy', 'Awl', 'Bah', 'Pah', 'Shim', 'Wpm', 'Adv', 'Ail', 'App', 'Fum', 'Mam', 'Vim', 'MHO', 'Achy', 'Ahoy', 'Wham', 'AAA', 'ABC', 'AMC', 'ATP', 'Afr', 'Ali', 'Amy', 'Ann', 'CHG', 'GM', 'HMS', 'Kim', 'MHz', 'NHL', 'ROM', 'Tim', 'Ave', 'Jam', 'Ohs', 'Vhf', '2RM', 'A10', 'A11', 'A12', 'A13', 'A14', 'A15', 'A16', 'A17', 'A18', 'A19', 'A20', 'A21', 'A22', 'A23', 'A24', 'A25', 'A26', 'A27', 'A28', 'A29', 'A30', 'A31', 'A32', 'A33', 'A34', 'A35', 'A36', 'A37', 'A38', 'A39', 'A40', 'A41', 'A42', 'A43', 'A44', 'A45', 'A46', 'A47', 'A48', 'A49', 'A50', 'A51', 'A52', 'A53', 'A54', 'A55', 'A56', 'A57', 'A58', 'A59', 'A60', 'A61', 'A62', 'A63', 'A64', 'A65', 'A66', 'A67', 'A68', 'A69', 'A70', 'A71', 'A72', 'A73', 'A74', 'A75', 'A76', 'A77', 'A78', 'A79', 'A80', 'A81', 'A82', 'A83', 'A84', 'A85', 'A86', 'A87', 'A88', 'A89', 'A90', 'A91', 'A92', 'A93', 'A94', 'A95', 'A96', 'A97', 'A98', 'A99', 'A9C', 'AA', 'AAB', 'AAC', 'AAD', 'AAE', 'AAF', 'AAG', 'AAH', 'AAI', 'AAJ', 'AAK', 'AAL', 'AAN', 'AAO', 'AAP', 'AAQ', 'AAR', 'AAS', 'AAV', 'AAW', 'AAX', 'AAY', 'AAZ', 'AB', 'ABA', 'ABB', 'ABD', 'ABF', 'ABG', 'ABH', 'ABJ', 'ABK', 'ABL', 'ABMC', 'ABN', 'ABP', 'ABQ', 'ABR', 'ABS', 'ABT', 'ABU', 'ABV', 'ABW', 'ABX', 'ABZ', 'AC', 'ACA', 'ACB', 'ACC', 'ACCM', 'ACF', 'ACI', 'ACJ', 'ACK', 'ACL', 'ACMA', 'ACN', 'ACO', 'ACP', 'ACR', 'ACT', 'ACV', 'ACW', 'ACX', 'ACY', 'ACZ', 'ADA', 'ADB', 'ADF', 'ADG', 'ADH', 'ADJ', 'ADK', 'ADL', 'ADMD', 'ADMR', 'ADN', 'ADQ', 'ADS', 'ADV', 'ADX', 'ADY', 'ADZ', 'AE', 'AEA', 'AEB', 'AED', 'AEE', 'AEI', 'AEJ', 'AEK', 'AEL', 'AEMG', 'AEMO', 'AEN', 'AEO', 'AEP', 'AEQ', 'AER', 'AES', 'AET', 'AEU', 'AEV', 'AEW', 'AEX', 'AEZ', 'AFA', 'AFAM', 'AFB', 'AFD', 'AFDM', 'AFE', 'AFF', 'AFG', 'AFH', 'AFI', 'AFJ', 'AFK', 'AFL', 'AFQ', 'AFR', 'AFS', 'AFT', 'AFU', 'AFV', 'AFW', 'AFX', 'AFZ', 'AG', 'AGB', 'AGD', 'AGE', 'AGF', 'AGG', 'AGH', 'AGI', 'AGJ', 'AGK', 'AGL', 'AGN', 'AGO', 'AGP', 'AGPM', 'AGQ', 'AGT', 'AGU', 'AGV', 'AGW', 'AGX', 'AGY', 'AGZ', 'AHIP', 'AHSI', 'AHTV', 'AI', 'AIB', 'AIC', 'AID', 'AIE', 'AIH', 'AIHL', 'AII', 'AIJ', 'AIK', 'AIMF', 'AIO', 'AIP', 'AIQ', 'AIS', 'AIU', 'AIV', 'AIW', 'AIY', 'AIZ', 'AIs', 'AJ', 'AJB', 'AJC', 'AJF', 'AJG', 'AJH', 'AJI', 'AJJ', 'AJK', 'AJL', 'AJN', 'AJO', 'AJP', 'AJQ', 'AJR', 'AJS', 'AJT', 'AJU', 'AJV', 'AJW', 'AJY', 'AK', 'AKB', 'AKC', 'AKD', 'AKE', 'AKF', 'AKG', 'AKJ', 'AKK', 'AKL', 'AKN', 'AKO', 'AKP', 'AKQ', 'AKR', 'AKS', 'AKT', 'AKU', 'AKV', 'AKX', 'AKY', 'AL', 'ALB', 'ALC', 'ALCM', 'ALD', 'ALE', 'ALG', 'ALH', 'ALJ', 'ALK', 'ALL', 'ALMA', 'ALN', 'ALO', 'ALP', 'ALQ', 'ALR', 'ALS', 'ALV', 'ALW', 'ALX', 'ALZ', 'AMA', 'AMD', 'AME', 'AMF', 'AMG', 'AMH', 'AMHA', 'AMJ', 'AMK', 'AML', 'AMN', 'AMO', 'AMP', 'AMQ', 'AMR', 'AMS', 'AMT', 'AMU', 'AMV', 'AMW', 'AMY', 'AMZ', 'AN', 'ANB', 'ANC', 'AND', 'ANE', 'ANF', 'ANG', 'ANH', 'ANI', 'ANJ', 'ANK', 'ANL', 'ANMP', 'ANN', 'ANO', 'ANP', 'ANQ', 'ANR', 'ANS', 'ANSM', 'ANT', 'ANV', 'ANW', 'ANX', 'ANY', 'ANZ', 'AO', 'AOA', 'AOB', 'AOC', 'AOD', 'AOE', 'AOF', 'AOG', 'AOH', 'AOI', 'AOJ', 'AOK', 'AON', 'AOO', 'AOP', 'AOQ', 'AOR', 'AOS', 'AOT', 'AOU', 'AOV', 'AOW', 'AOX', 'AP', 'APE', 'APF', 'APH', 'API', 'APJ', 'APK', 'APL', 'APO', 'APP', 'APQ', 'APR', 'APT', 'APU', 'APV', 'APW', 'APX', 'APY', 'APZ', 'AQA', 'AQB', 'AQC', 'AQF', 'AQG', 'AQH', 'AQI', 'AQK', 'AQL', 'AQMI', 'AQP', 'AQR', 'AQS', 'AQT', 'AQY', 'AR', 'ARB', 'ARC', 'ARD', 'ARE', 'ARH', 'ARI', 'ARJ', 'ARK', 'ARN', 'ARQ', 'ARR', 'ART', 'ARU', 'ARV', 'ARW', 'ARX', 'ARY', 'ARYM', 'ASA', 'ASC', 'ASE', 'ASEM', 'ASF', 'ASG', 'ASH', 'ASJ', 'ASK', 'ASL', 'ASLM', 'ASMP', 'ASMR', 'ASP', 'ASQ', 'ASR', 'ASS', 'AST', 'ASU', 'ASV', 'ASW', 'ASX', 'ASY', 'ASZ', 'AT', 'AT3', 'ATA', 'ATB', 'ATD', 'ATE', 'ATF', 'ATG', 'ATH', 'ATI', 'ATK', 'ATL', 'ATN', 'ATO', 'ATQ', 'ATR', 'ATS', 'ATT', 'ATU', 'ATW', 'ATX', 'ATY', 'ATZ', 'AU', 'AUA', 'AUC', 'AUD', 'AUE', 'AUF', 'AUG', 'AUI', 'AUJ', 'AUL', 'AUN', 'AUO', 'AUP', 'AUQ', 'AUR', 'AUS', 'AUU', 'AUW', 'AUX', 'AUY', 'AUZ', 'AV', 'AVA', 'AVB', 'AVC', 'AVE', 'AVF', 'AVG', 'AVH', 'AVI', 'AVK', 'AVL', 'AVN', 'AVO', 'AVP', 'AVR', 'AVS', 'AVU', 'AVV', 'AVW', 'AVX', 'AVY', 'AVZ', 'AWA', 'AWB', 'AWD', 'AWE', 'AWG', 'AWK', 'AWN', 'AWP', 'AWR', 'AWS', 'AWU', 'AWZ', 'AX', 'AXB', 'AXC', 'AXD', 'AXG', 'AXK', 'AXL', 'AXN', 'AXP', 'AXR', 'AXS', 'AXV', 'AXX', 'AYA', 'AYC', 'AYD', 'AYE', 'AYG', 'AYH', 'AYI', 'AYJ', 'AYL', 'AYN', 'AYO', 'AYP', 'AYQ', 'AYR', 'AYS', 'AYU', 'AYY', 'AYZ', 'AZ', 'AZA', 'AZB', 'AZD', 'AZE', 'AZF', 'AZI', 'AZN', 'AZO', 'AZS', 'AZW', 'AZZ', 'Ac', 'Ag', 'Al', 'Ala', 'Ar', 'Ats', 'Au', 'B2M', 'BAH', 'BAM', 'BBM', 'BCM', 'BDM', 'BEM', 'BFM', 'BGM', 'BHA', 'BHB', 'BHC', 'BHD', 'BHE', 'BHF', 'BHG', 'BHI', 'BHL', 'BHO', 'BHP', 'BHQ', 'BHR', 'BHS', 'BHT', 'BHU', 'BHV', 'BHX', 'BHY', 'BJM', 'BKM', 'BLM', 'BM', 'BMM', 'BNM', 'BOM', 'BSM', 'BTM', 'BUM', 'BVM', 'BWM', 'BXM', 'BYM', 'Baha', 'CAH', 'CAM', 'CASM', 'CCM', 'CDM', 'CEM', 'CFM', 'CH', 'CHAM', 'CHB', 'CHC', 'CHD', 'CHF', 'CHH', 'CHI', 'CHK', 'CHL', 'CHMP', 'CHN', 'CHO', 'CHP', 'CHQ', 'CHR', 'CHS', 'CHT', 'CHV', 'CHW', 'CHX', 'CHY', 'CHZ', 'CIM', 'CKM', 'CLM', 'CM', 'CMM', 'CNM', 'COM', 'CQM', 'CRM', 'CSM', 'CUM', 'CVM', 'CXM', 'CYM', 'CZM', 'Ch', 'Chi', 'DDM', 'DEM', 'DFM', 'DH', 'DHA', 'DHC', 'DHH', 'DHI', 'DHP', 'DHR', 'DHS', 'DHT', 'DMM', 'DOM', 'DXM', 'Dem', 'EAH', 'ECM', 'EDM', 'EEM', 'EHL', 'EHS', 'EM', 'EMM', 'ENM', 'EPM', 'EQM', 'ESM', 'ETM', 'EVM', 'FAH', 'FARM', 'FASM', 'FCM', 'FDM', 'FEM', 'FFM', 'FGM', 'FHC', 'FHE', 'FIM', 'FKM', 'FLM', 'FMM', 'FPM', 'FRM', 'FTM', 'Fm', 'GCM', 'GDM', 'GEM', 'GHC', 'GHI', 'GHK', 'GHML', 'GHQ', 'GHS', 'GHT', 'GLM', 'GQM', 'GSM', 'GTM', 'GUM', 'H', 'H1', 'H2', 'H3', 'H4', 'HA', 'HBM', 'HDM', 'HHH', 'HHV', 'HI', 'HL', 'HLM', 'HMD', 'HMP', 'HMV', 'HO', 'HOM', 'HR', 'HRM', 'HS', 'HSM', 'HT', 'HU', 'HY', 'Ha', 'Hf', 'Hg', 'Ho', 'Hz', 'IAH', 'IDM', 'IEM', 'IFM', 'IGM', 'IHP', 'IHT', 'IIM', 'IJM', 'ILM', 'INM', 'IPM', 'IRM', 'ISM', 'JHS', 'JIM', 'JLM', 'JMM', 'KEM', 'KFM', 'KGM', 'KHR', 'KHS', 'KM', 'KNM', 'KSM', 'LAH', 'LAUM', 'LBM', 'LEM', 'LFM', 'LGM', 'LH', 'LH2', 'LHB', 'LHI', 'LHR', 'LHS', 'LHV', 'LHW', 'LIM', 'LKM', 'LRM', 'M', 'M2M', 'MAH', 'MAM', 'MCM', 'MFM', 'MGM', 'MH', 'MHL', 'MHN', 'MHP', 'MHR', 'MIM', 'MKM', 'MLM', 'MM', 'MMM', 'MOM', 'MPM', 'MSM', 'MZM', 'NAH', 'NAM', 'NCM', 'NEM', 'NH', 'NHC', 'NHF', 'NHN', 'NKM', 'NM', 'NMM', 'NRM', 'NSM', 'NVM', 'OAM', 'ODM', 'OGM', 'OH', 'OHA', 'OHI', 'OIM', 'OM', 'OMM', 'ONM', 'OOM', 'OPM', 'ORM', 'OSM', 'PAH', 'PAM', 'PEM', 'PGHM', 'PGM', 'PH', 'PHA', 'PHC', 'PHD', 'PHI', 'PHL', 'PHP', 'PHR', 'PHS', 'PHX', 'PIM', 'PLM', 'POM', 'PPM', 'PRM', 'PTM', 'PUM', 'PVM', 'Pym', 'QCM', 'QM', 'QPM', 'RATM', 'RBM', 'RDM', 'RFM', 'RHC', 'RHD', 'RHF', 'RHK', 'RHP', 'RHS', 'RIM', 'RM', 'RTM', 'RVM', 'Rh', 'Rom', 'SAH', 'SBM', 'SCM', 'SEM', 'SH', 'SHA', 'SHD', 'SHDM', 'SHG', 'SHK', 'SHN', 'SHP', 'SHR', 'SHU', 'SIM', 'SJM', 'SM', 'SMM', 'SPM', 'STM', 'SVM', 'SXM', 'Shi', 'Sm', 'TAH', 'TAM', 'TBM', 'TDM', 'TEM', 'TH', 'THA', 'THB', 'THD', 'THF', 'THP', 'THS', 'THT', 'THX', 'TKM', 'TLM', 'TM', 'TNM', 'TOM', 'TQM', 'TRM', 'TSM', 'TVM', 'Th', 'Thu', 'Tm', 'UAH', 'UAHB', 'UCM', 'UDM', 'UEM', 'UGM', 'UIM', 'UJM', 'ULM', 'UMM', 'UNM', 'UVM', 'VAM', 'VCM', 'VDM', 'VGM', 'VHC', 'VHD', 'VHF', 'VHL', 'VHP', 'VHR', 'VHS', 'VHU', 'VLM', 'VMM', 'VNM', 'VSM', 'WAJM', 'WAM', 'WDM', 'WHA', 'WHS', 'WHT', 'WHW', 'WIM', 'WSM', 'Wm', 'XPM', 'YEM', 'YHA', 'YHD', 'YHS', 'YM', 'YQM', 'YUM', 'ZAM', 'ZH', 'ZIM', 'Aah', 'Ab', 'Alb', 'Alt', 'Ang', 'Ans', 'Arr', 'Ass', 'Auk', 'Aw', 'Awn', 'Bpm', 'Chem', 'Chg', 'Cum', 'Em', 'Hmm', 'Hp', 'Hr', 'Ht', 'Ism', 'Lam', 'Nah', 'Oho', 'Om', 'Pom', 'Rho', 'Rm', 'Shh', 'Sim', 'Uhf', '3M', 'A&A', 'A&D', 'A&E', 'A&P', 'A&R', 'AAMC', 'ABI', 'ACE', 'ACMs', 'ACh', 'ADHD', 'ADI', 'ADU', 'AFP', 'AGA', 'AGs', 'AHCI', 'AHIMA', 'AIX', 'ALF', 'ALU', 'AMI', 'APs', 'ASML', 'ASTM', 'ATMs', 'AVs', 'AWC', 'AWF', 'AXA', 'Abi', 'Abu', 'Achim', 'Ahmet', 'Aon', 'Asha', 'BH', 'Böhm', 'CGM', 'CWM', 'Cham', 'Chu', 'DHL', 'DVM', 'Dahl', 'EHR', 'EOM', 'ERM', 'FBM', 'FH', 'FHD', 'FHS', 'GHB', 'GHG', 'GHMC', 'H&M', 'HC', 'HH', 'HHA', 'HMH', 'HW', 'Hamm', 'IAM', 'IM', 'JHH', 'JHU', 'Jem', 'LAHC', 'LM', 'LVM', 'M&M', 'Mahé', 'NHA', 'NHD', 'NHK', 'NPM', 'O&M', 'PHE', 'PHY', 'PWM', 'RHL', 'Rahim', 'Rahu', 'Rāhu', 'SFM', 'SHS', 'SHT', 'UHC', 'UHD', 'UTM', 'Ulm', 'WCM', 'WFM', 'WH', 'Wasm', 'XHR', 'Zhu', 'Ai', 'Ais', 'Amu', 'Aww', 'Axe', 'Bam', 'Bhp', 'dBm', 'Dm', 'Hah', 'Haha', 'mAh', 'Nm', 'pHs', 'Uhh', 'Umm', 'Vm', 'Μm']",... in May contact during it can I made an Ahm Hashid Abenaki Nancy Collegiate are the...
24,6,Possible spelling mistake found.,"['Hashed', 'Has hid', 'Hash id', 'Rashid']",...May contact during it can I made an Ahm Hashid Abenaki Nancy Collegiate are the key ci...
25,6,Possible spelling mistake found.,"['Samara', 'Tamara']",...ka a lot of or a Santosh oddities a k a hamara ik Orica hiring startup company and he ...
26,2,Possible spelling mistake found.,"['in', 'is', 'I', 'it', 'if', 'OK', 'UK', 'ink', 'ID', 'IQ', 'SK', 'id', 'HK', 'Mk', 'IH', 'ilk', 'pk', 'irk', 'IP', 'AIK', 'AK', 'BIK', 'Bk', 'CIK', 'CK', 'DK', 'EK', 'GK', 'Gk', 'IA', 'IDK', 'IE', 'IF', 'IJ', 'IKB', 'IL', 'IMK', 'IN', 'IR', 'IS', 'ISK', 'IT', 'ITK', 'IV', 'IZ', 'Ia', 'Ike', 'In', 'Io', 'Ir', 'It', 'K', 'MK', 'NK', 'PK', 'TK', 'bk', 'ck', 'i', 'ii', 'iv', 'ix', 'k', 'oik', 'wk', '4K', 'IB', 'IC', 'IG', 'IM', 'IU', 'JK', 'VK', 'ok']",...t of or a Santosh oddities a k a hamara ik Orica hiring startup company and he acr...
27,5,Possible spelling mistake found.,"['Erica', 'Oriya', 'Arica', 'Orca']",...f or a Santosh oddities a k a hamara ik Orica hiring startup company and he across th...
28,9,A verb may be missing after “he”. Please verify.,"['he is across', 'he was across']",...ara ik Orica hiring startup company and he across the global jokey Abul ca ma happy upper...
29,4,Possible spelling mistake found.,"['Abdul', 'Abel', 'Kabul', 'Abut', 'ABL', 'ABU', 'AUL', 'BUL', 'Abu', 'Azul']",... company and he across the global jokey Abul ca ma happy upper in don't hire Chris A...
30,2,Did you mean “my”?,['my'],... and he across the global jokey Abul ca ma happy upper in don't hire Chris Act a p...
31,2,"Do not use ‘er’ in formal text. Use it only in quoted text to represent a hesitation. Did you mean “her”, “err” or “Er” (erbium)? Or possibly, there is an unnecessary space before or after ‘er’.","['her', 'err', 'Er']",...e Chris Act a premium So take a college er higher career intern streaming the our ...
32,7,A determiner cannot be combined with a possessive pronoun. Did you mean simply “the” or “our”?,"['the', 'our']",...llege er higher career intern streaming the our Bangalore Thank you so much a the thank...
33,5,Two determiners in a row. Choose either “a” or “the”.,"['a', 'the']",...ing the our Bangalore Thank you so much a the thank you
